{
  "audit": {
    "central_finite_difference_epsilon": 1e-06,
    "fingerprint_sha256": "5fd0990599b9a674509f56aec43c53e2893da4d6b21e3ef7e60af5ed4bd3f4e1",
    "lane_gradients": [
      {
        "block_gradient": [
          0.0,
          0.0,
          0.0,
          0.0,
          0.0,
          0.0,
          0.0,
          0.0,
          -0.24918172877305217,
          0.0,
          -0.25097885550492166,
          -0.2265625,
          0.0,
          0.0,
          0.0,
          -0.24524161046570173,
          0.0,
          -0.25155764746872633,
          -0.2265625,
          0.0,
          0.0,
          0.0,
          -0.23754368430485584,
          0.14649234723187693,
          -0.06265001221675358,
          -0.09265411196473924,
          0.0,
          0.0,
          -0.964425122487985,
          -0.2234375,
          0.1333579898036263,
          -0.34606481481481477,
          -0.49168358952665364,
          0.0,
          0.0,
          -0.9782223345407459,
          -0.19914980424607504,
          0.12010837096432159,
          -0.4511335288831082,
          -0.5364826281439187,
          0.0,
          0.0
        ],
        "block_max_abs_error": 5.551115123125783e-17,
        "finite_difference_gradient": [
          0.0,
          0.0,
          0.0,
          0.0,
          0.0,
          0.0,
          0.0,
          0.0,
          -0.24918172869536903,
          0.0,
          -0.25097885547609167,
          -0.22656249876185086,
          0.0,
          0.0,
          0.0,
          -0.24524161046368675,
          0.0,
          -0.251557647490408,
          -0.22656249987207389,
          0.0,
          0.0,
          0.0,
          -0.2375436842783074,
          0.14649234725272464,
          -0.0626500121780893,
          -0.0926541118273505,
          0.0,
          0.0,
          -0.9644251225404687,
          -0.22343750005759944,
          0.13335798976221724,
          -0.34606481491561425,
          -0.4916835893986615,
          0.0,
          0.0,
          -0.9782223345800034,
          -0.19914980409208027,
          0.12010837102671701,
          -0.4511335288670537,
          -0.5364826282105994,
          0.0,
          0.0
        ],
        "finite_difference_max_abs_error": 1.238149138771405e-09,
        "full_autograd_gradient": [
          0.0,
          0.0,
          0.0,
          0.0,
          0.0,
          0.0,
          0.0,
          0.0,
          -0.24918172877305214,
          0.0,
          -0.25097885550492166,
          -0.2265625,
          0.0,
          0.0,
          0.0,
          -0.24524161046570173,
          0.0,
          -0.25155764746872633,
          -0.2265625,
          0.0,
          0.0,
          0.0,
          -0.23754368430485584,
          0.14649234723187693,
          -0.06265001221675358,
          -0.09265411196473923,
          0.0,
          0.0,
          -0.964425122487985,
          -0.2234375,
          0.13335798980362631,
          -0.3460648148148148,
          -0.49168358952665364,
          0.0,
          0.0,
          -0.9782223345407459,
          -0.199149804246075,
          0.12010837096432159,
          -0.45113352888310826,
          -0.5364826281439187,
          0.0,
          0.0
        ],
        "lane_id": "correction_early",
        "matrix_free_reverse_gradient": [
          0.0,
          0.0,
          0.0,
          0.0,
          0.0,
          0.0,
          0.0,
          0.0,
          -0.24918172877305214,
          0.0,
          -0.25097885550492166,
          -0.2265625,
          0.0,
          0.0,
          0.0,
          -0.24524161046570173,
          0.0,
          -0.25155764746872633,
          -0.2265625,
          0.0,
          0.0,
          0.0,
          -0.23754368430485584,
          0.14649234723187693,
          -0.06265001221675358,
          -0.09265411196473923,
          0.0,
          0.0,
          -0.964425122487985,
          -0.2234375,
          0.13335798980362631,
          -0.3460648148148148,
          -0.49168358952665364,
          0.0,
          0.0,
          -0.9782223345407459,
          -0.199149804246075,
          0.12010837096432159,
          -0.45113352888310826,
          -0.5364826281439187,
          0.0,
          0.0
        ],
        "matrix_free_reverse_max_abs_error": 0.0
      },
      {
        "block_gradient": [
          0.0,
          0.0,
          0.0,
          0.0,
          0.0,
          0.0,
          0.0,
          0.0,
          -0.24918172877305217,
          0.0,
          -0.25097885550492166,
          -0.2265625,
          0.0,
          0.0,
          0.0,
          -0.24524161046570173,
          0.0,
          -0.25155764746872633,
          -0.2265625,
          0.0,
          0.0,
          -0.19577949209493833,
          -0.23754368430485584,
          0.0,
          -0.22263129341310645,
          -0.26892291033668214,
          0.0,
          0.0,
          -0.20258198451085216,
          -0.2234375,
          0.0,
          -0.19315163141958935,
          -0.25488677570932433,
          0.0,
          0.0,
          -0.20867990709443585,
          -0.19914980424607504,
          -1.648297804830514,
          -0.9739909645844959,
          -1.0264698027511001,
          0.0,
          0.0
        ],
        "block_max_abs_error": 2.220446049250313e-16,
        "finite_difference_gradient": [
          0.0,
          0.0,
          0.0,
          0.0,
          0.0,
          0.0,
          0.0,
          0.0,
          -0.24918172869536903,
          0.0,
          -0.25097885547609167,
          -0.22656249876185086,
          0.0,
          0.0,
          0.0,
          -0.24524161057470906,
          0.0,
          -0.251557647490408,
          -0.22656249987207389,
          0.0,
          0.0,
          -0.1957794921736422,
          -0.2375436842783074,
          0.0,
          -0.22263129340061028,
          -0.26892291038471683,
          0.0,
          0.0,
          -0.2025819844098109,
          -0.22343750005759944,
          0.0,
          -0.1931516314668258,
          -0.2548867756857476,
          0.0,
          0.0,
          -0.20867990713213658,
          -0.19914980409208027,
          -1.6482978049126018,
          -0.9739909644368439,
          -1.026469802822838,
          0.0,
          0.0
        ],
        "finite_difference_max_abs_error": 1.238149138771405e-09,
        "full_autograd_gradient": [
          0.0,
          0.0,
          0.0,
          0.0,
          0.0,
          0.0,
          0.0,
          0.0,
          -0.24918172877305214,
          0.0,
          -0.25097885550492166,
          -0.2265625,
          0.0,
          0.0,
          0.0,
          -0.24524161046570173,
          0.0,
          -0.25155764746872633,
          -0.2265625,
          0.0,
          0.0,
          -0.19577949209493833,
          -0.23754368430485584,
          0.0,
          -0.22263129341310645,
          -0.26892291033668214,
          0.0,
          0.0,
          -0.2025819845108522,
          -0.2234375,
          0.0,
          -0.19315163141958935,
          -0.25488677570932433,
          0.0,
          0.0,
          -0.20867990709443585,
          -0.199149804246075,
          -1.648297804830514,
          -0.9739909645844959,
          -1.0264698027511003,
          0.0,
          0.0
        ],
        "lane_id": "correction_late",